<?xml version="1.0" encoding="UTF-8"?>
<!--
 This is a WordPress eXtended RSS file generated by WordPress as an export of your site.
 It contains information about your site's posts, pages, comments, categories, and other content.
 You may use this file to transfer that content from one site to another.
 This file is not intended to serve as a complete backup of your site.

 To import this information into a WordPress site follow these steps:
 1. Log in to that site as an administrator.
 2. Go to Tools: Import in the WordPress admin panel.
 3. Install the "WordPress" importer from the list.
 4. Activate & Run Importer.
 5. Upload this file using the form provided on that page.
 6. You will first be asked to map the authors in this export file to users
    on the site. For each author, you may choose to map to an
    existing user on the site or to create a new user.
 7. WordPress will then import each of the posts, pages, comments, categories, etc.
    contained in this file into your site.
-->
<!-- generator="WordPress.com" created="2025-02-10 16:59"-->
<rss version="2.0" xmlns:excerpt="http://wordpress.org/export/1.2/excerpt/" xmlns:content="http://purl.org/rss/1.0/modules/content/" xmlns:wfw="http://wellformedweb.org/CommentAPI/" xmlns:dc="http://purl.org/dc/elements/1.1/" xmlns:wp="http://wordpress.org/export/1.2/">
  <channel>
<title>Bryan Castellano</title>
<link>https://bryancastellano.wordpress.com</link>
<description>Especialista en marketing digital</description>
<pubDate>Mon, 10 Feb 2025 16:59:39 +0000</pubDate>
<language>es</language>
<wp:wxr_version>1.2</wp:wxr_version>
<wp:base_site_url>http://wordpress.com/</wp:base_site_url>
<wp:base_blog_url>https://bryancastellano.wordpress.com</wp:base_blog_url>
<wp:author>
  <wp:author_id>261311687</wp:author_id>
  <wp:author_login>bryancastellano99</wp:author_login>
  <wp:author_email>bryancastellano99@gmail.com</wp:author_email>
  <wp:author_display_name><![CDATA[Bryan Castellano]]></wp:author_display_name>
  <wp:author_first_name><![CDATA[Bryan]]></wp:author_first_name>
  <wp:author_last_name><![CDATA[Castellano]]></wp:author_last_name>
</wp:author>
<wp:category>
  <wp:term_id>1</wp:term_id>
  <wp:category_nicename>uncategorized</wp:category_nicename>
  <wp:category_parent/>
  <wp:cat_name><![CDATA[Uncategorized]]></wp:cat_name>
</wp:category>
<generator>http://wordpress.com/</generator>

<image>
	<url>https://bryancastellano.wordpress.com/wp-content/uploads/2025/01/cropped-tourist-with-tablet-camera-navigating.jpg?w=32</url>
	<title>Bryan Castellano</title>
	<link>https://bryancastellano.wordpress.com</link>
	<width>32</width>
	<height>32</height>
</image> 
<item>
  <title><![CDATA[Sobre mi]]></title>
  <link>https://bryancastellano.wordpress.com/about/</link>
  <pubDate>Mon, 27 Jan 2025 15:58:18 +0000</pubDate>
  <dc:creator>bryancastellano99</dc:creator>
  <guid isPermaLink="false">http://bryancastellano.wordpress.com/?page_id=1</guid>
  <description/>
  <content:encoded><![CDATA[<!-- wp:media-text {"mediaId":23,"mediaLink":"https://bryancastellano.wordpress.com/about/whatsapp-image-2025-02-10-at-10-56-31-am-2/","mediaType":"image"} -->
<div class="wp-block-media-text is-stacked-on-mobile"><figure class="wp-block-media-text__media"><img src="https://bryancastellano.wordpress.com/wp-content/uploads/2025/02/whatsapp-image-2025-02-10-at-10.56.31-am-1.jpeg?w=644" alt="" class="wp-image-23 size-full" /></figure><div class="wp-block-media-text__content"><!-- wp:paragraph {"placeholder":"Contenido…"} -->
<p>Soy un joven profesional que disfruta aprender de nuevas experiencias y conocimientos en diferentes campos laborales . Con una formación en marketing digital y comercio electrónico ., he desarrollado una sólida comprensión de las tendencias del mercado y las herramientas digitales que impulsan el crecimiento de las marcas.</p>
<!-- /wp:paragraph --></div></div>
<!-- /wp:media-text -->

<!-- wp:columns -->
<div class="wp-block-columns"><!-- wp:column -->
<div class="wp-block-column"><!-- wp:details -->
<details class="wp-block-details"><summary>Educación </summary><!-- wp:list -->
<ul class="wp-block-list"><!-- wp:list-item -->
<li>Unidad educativa Diez de Agosto </li>
<!-- /wp:list-item --></ul>
<!-- /wp:list -->

<!-- wp:list -->
<ul class="wp-block-list"><!-- wp:list-item -->
<li>Instituto tecnológico universitario Cordillera </li>
<!-- /wp:list-item --></ul>
<!-- /wp:list -->

<!-- wp:paragraph {"placeholder":"Teclea / para añadir un bloque oculto"} -->
<p></p>
<!-- /wp:paragraph -->

<!-- wp:table -->
<figure class="wp-block-table"><table class="has-fixed-layout"><tbody><tr><td></td><td></td></tr><tr><td></td><td></td></tr><tr><td></td><td></td></tr></tbody></table></figure>
<!-- /wp:table --></details>
<!-- /wp:details --></div>
<!-- /wp:column -->

<!-- wp:column -->
<div class="wp-block-column"><!-- wp:details -->
<details class="wp-block-details"><summary>Experiencia laboral </summary><!-- wp:group {"layout":{"type":"flex","flexWrap":"nowrap"}} -->
<div class="wp-block-group"><!-- wp:list -->
<ul class="wp-block-list"><!-- wp:list-item -->
<li>Cajero en local de reparacion de celulares</li>
<!-- /wp:list-item -->

<!-- wp:list-item -->
<li>Pasante en archivos</li>
<!-- /wp:list-item --></ul>
<!-- /wp:list --></div>
<!-- /wp:group --></details>
<!-- /wp:details --></div>
<!-- /wp:column -->

<!-- wp:column -->
<div class="wp-block-column"><!-- wp:details -->
<details class="wp-block-details"><summary>Certificaciones </summary><!-- wp:group {"layout":{"type":"flex","flexWrap":"nowrap"}} -->
<div class="wp-block-group"><!-- wp:list -->
<ul class="wp-block-list"><!-- wp:list-item -->
<li>Certificado de marketing de contenidos Hubspot 2024</li>
<!-- /wp:list-item --></ul>
<!-- /wp:list --></div>
<!-- /wp:group --></details>
<!-- /wp:details --></div>
<!-- /wp:column --></div>
<!-- /wp:columns -->

<!-- wp:table -->
<figure class="wp-block-table"><table class="has-fixed-layout"><tbody><tr><td>Idioma </td><td>Nivel </td></tr><tr><td>Español </td><td>Nativo </td></tr><tr><td>Ingles </td><td>Intermedio </td></tr></tbody></table></figure>
<!-- /wp:table -->]]></content:encoded>
  <excerpt:encoded><![CDATA[]]></excerpt:encoded>
  <wp:post_id>1</wp:post_id>
  <wp:post_date>2025-01-27 15:58:18</wp:post_date>
  <wp:post_date_gmt>2025-01-27 15:58:18</wp:post_date_gmt>
  <wp:post_modified>2025-02-10 11:57:01</wp:post_modified>
  <wp:post_modified_gmt>2025-02-10 16:57:01</wp:post_modified_gmt>
  <wp:comment_status>closed</wp:comment_status>
  <wp:ping_status>open</wp:ping_status>
  <wp:post_name>about</wp:post_name>
  <wp:status>publish</wp:status>
  <wp:post_parent>0</wp:post_parent>
  <wp:menu_order>0</wp:menu_order>
  <wp:post_type>page</wp:post_type>
  <wp:post_password/>
  <wp:is_sticky>0</wp:is_sticky>
  <wp:postmeta>
    <wp:meta_key>_wp_page_template</wp:meta_key>
    <wp:meta_value><![CDATA[default]]></wp:meta_value>
  </wp:postmeta>
  <wp:postmeta>
    <wp:meta_key>_elasticsearch_data_sharing_indexed_on</wp:meta_key>
    <wp:meta_value><![CDATA[2025-01-27 15:58:21]]></wp:meta_value>
  </wp:postmeta>
  <wp:postmeta>
    <wp:meta_key>_g_feedback_shortcode_87911d1aed509877b83a48ec536f768cdcd22df1</wp:meta_key>
    <wp:meta_value><![CDATA[
				[contact-field label="Nombre" type="name"  required="true" /]
				[contact-field label="Correo electrónico" type="email" required="true" /]
				[contact-field label="Web" type="url" /]
				[contact-field label="Mensaje" type="textarea" /]]]></wp:meta_value>
  </wp:postmeta>
  <wp:postmeta>
    <wp:meta_key>_g_feedback_shortcode_atts_87911d1aed509877b83a48ec536f768cdcd22df1</wp:meta_key>
    <wp:meta_value><![CDATA[a:17:{s:2:"to";s:27:"bryancastellano99@gmail.com";s:7:"subject";s:27:"[Bryan Castellano] Sobre mi";s:12:"show_subject";s:2:"no";s:6:"widget";i:0;s:14:"block_template";N;s:19:"block_template_part";N;s:2:"id";i:1;s:18:"submit_button_text";s:6:"Enviar";s:14:"customThankyou";s:0:"";s:21:"customThankyouHeading";s:24:"Se ha enviado tu mensaje";s:21:"customThankyouMessage";s:24:"¡Gracias por tu envío!";s:22:"customThankyouRedirect";s:0:"";s:10:"jetpackCRM";b:1;s:9:"className";N;s:9:"postToUrl";N;s:14:"salesforceData";N;s:12:"hiddenFields";N;}]]></wp:meta_value>
  </wp:postmeta>
  <wp:postmeta>
    <wp:meta_key>_last_editor_used_jetpack</wp:meta_key>
    <wp:meta_value><![CDATA[block-editor]]></wp:meta_value>
  </wp:postmeta>
</item>
<item>
  <title><![CDATA[¡Hola mundo!]]></title>
  <link>https://bryancastellano.wordpress.com/2025/01/27/hello-world/</link>
  <pubDate>Mon, 27 Jan 2025 15:53:19 +0000</pubDate>
  <dc:creator>bryancastellano99</dc:creator>
  <guid isPermaLink="false">https://bryancastellano.wordpress.com/2025/01/27/hello-world/</guid>
  <description/>
  <content:encoded><![CDATA[<!-- wp:paragraph -->
<p>Bienvenido a WordPress Esta es tu primera entrada. Empieza tu andadura en el mundo bloguero editándola o borrándola.</p>
<!-- /wp:paragraph -->]]></content:encoded>
  <excerpt:encoded><![CDATA[]]></excerpt:encoded>
  <wp:post_id>2</wp:post_id>
  <wp:post_date>2025-01-27 15:53:19</wp:post_date>
  <wp:post_date_gmt>2025-01-27 15:53:19</wp:post_date_gmt>
  <wp:post_modified>2025-01-27 15:53:19</wp:post_modified>
  <wp:post_modified_gmt>2025-01-27 15:53:19</wp:post_modified_gmt>
  <wp:comment_status>open</wp:comment_status>
  <wp:ping_status>open</wp:ping_status>
  <wp:post_name>hello-world</wp:post_name>
  <wp:status>publish</wp:status>
  <wp:post_parent>0</wp:post_parent>
  <wp:menu_order>0</wp:menu_order>
  <wp:post_type>post</wp:post_type>
  <wp:post_password/>
  <wp:is_sticky>0</wp:is_sticky>
  <category domain="category" nicename="uncategorized"><![CDATA[Uncategorized]]></category>
  <wp:postmeta>
    <wp:meta_key>_headstart_post</wp:meta_key>
    <wp:meta_value><![CDATA[_hs_extra]]></wp:meta_value>
  </wp:postmeta>
  <wp:postmeta>
    <wp:meta_key>sharing_disabled</wp:meta_key>
    <wp:meta_value><![CDATA[a:1:{i:0;N;}]]></wp:meta_value>
  </wp:postmeta>
  <wp:postmeta>
    <wp:meta_key>switch_like_status</wp:meta_key>
    <wp:meta_value><![CDATA[a:1:{i:0;N;}]]></wp:meta_value>
  </wp:postmeta>
  <wp:postmeta>
    <wp:meta_key>_starter_page_template</wp:meta_key>
    <wp:meta_value><![CDATA[]]></wp:meta_value>
  </wp:postmeta>
  <wp:postmeta>
    <wp:meta_key>_hs_old_id</wp:meta_key>
    <wp:meta_value><![CDATA[4]]></wp:meta_value>
  </wp:postmeta>
  <wp:postmeta>
    <wp:meta_key>_wpas_skip_all_services</wp:meta_key>
    <wp:meta_value><![CDATA[1]]></wp:meta_value>
  </wp:postmeta>
  <wp:postmeta>
    <wp:meta_key>_publicize_pending</wp:meta_key>
    <wp:meta_value><![CDATA[1]]></wp:meta_value>
  </wp:postmeta>
  <wp:postmeta>
    <wp:meta_key>_elasticsearch_data_sharing_indexed_on</wp:meta_key>
    <wp:meta_value><![CDATA[2025-01-27 15:58:20]]></wp:meta_value>
  </wp:postmeta>
</item>
<item>
  <title><![CDATA[Navegación]]></title>
  <link>https://bryancastellano.wordpress.com/2025/01/27/navigation/</link>
  <pubDate>Mon, 27 Jan 2025 15:58:25 +0000</pubDate>
  <dc:creator>bryancastellano99</dc:creator>
  <guid isPermaLink="false">https://bryancastellano.wordpress.com/2025/01/27/navigation/</guid>
  <description/>
  <content:encoded><![CDATA[<!-- wp:navigation-link {"label":"Sobre mi","type":"page","id":1,"url":"https://bryancastellano.wordpress.com/about/","kind":"post-type"} /-->

<!-- wp:navigation-link {"label":"Inicio","type":"page","id":9,"url":"https://bryancastellano.wordpress.com/","kind":"post-type"} /-->

<!-- wp:navigation-link {"label":"Linkedin ","url":"https://www.linkedin.com/feed/","kind":"custom"} /-->

<!-- wp:navigation-link {"label":"Curriculum ","url":"https://github.com/Bryanca1/Cv/blob/main/Bryan-Castellano-cv-2025.pdf.pdf","kind":"custom"} /-->

<!-- wp:navigation-link {"label":"Blog","url":"https://www.blogger.com/blog/posts/5138318676291051495?hl=es-419","kind":"custom"} /-->

<!-- wp:navigation-link {"label":"Contacto","type":"page","id":30,"url":"https://bryancastellano.wordpress.com/contacto/","kind":"post-type"} /-->]]></content:encoded>
  <excerpt:encoded><![CDATA[]]></excerpt:encoded>
  <wp:post_id>3</wp:post_id>
  <wp:post_date>2025-01-27 10:58:25</wp:post_date>
  <wp:post_date_gmt>2025-01-27 15:58:25</wp:post_date_gmt>
  <wp:post_modified>2025-02-10 11:58:50</wp:post_modified>
  <wp:post_modified_gmt>2025-02-10 16:58:50</wp:post_modified_gmt>
  <wp:comment_status>closed</wp:comment_status>
  <wp:ping_status>closed</wp:ping_status>
  <wp:post_name>navigation</wp:post_name>
  <wp:status>publish</wp:status>
  <wp:post_parent>0</wp:post_parent>
  <wp:menu_order>0</wp:menu_order>
  <wp:post_type>wp_navigation</wp:post_type>
  <wp:post_password/>
  <wp:is_sticky>0</wp:is_sticky>
</item>
<item>
  <title><![CDATA[Custom Styles]]></title>
  <link>https://bryancastellano.wordpress.com/2025/01/27/wp-global-styles-pub%2ftwentytwentyfive/</link>
  <pubDate>Mon, 27 Jan 2025 16:03:07 +0000</pubDate>
  <dc:creator>bryancastellano99</dc:creator>
  <guid isPermaLink="false">https://bryancastellano.wordpress.com/2025/01/27/wp-global-styles-pub%2ftwentytwentyfive/</guid>
  <description/>
  <content:encoded><![CDATA[{"version":3,"isGlobalStylesUserThemeJSON":true}]]></content:encoded>
  <excerpt:encoded><![CDATA[]]></excerpt:encoded>
  <wp:post_id>4</wp:post_id>
  <wp:post_date>2025-01-27 11:03:07</wp:post_date>
  <wp:post_date_gmt>2025-01-27 16:03:07</wp:post_date_gmt>
  <wp:post_modified>2025-01-27 11:03:07</wp:post_modified>
  <wp:post_modified_gmt>2025-01-27 16:03:07</wp:post_modified_gmt>
  <wp:comment_status>closed</wp:comment_status>
  <wp:ping_status>closed</wp:ping_status>
  <wp:post_name>wp-global-styles-pub%2ftwentytwentyfive</wp:post_name>
  <wp:status>publish</wp:status>
  <wp:post_parent>0</wp:post_parent>
  <wp:menu_order>0</wp:menu_order>
  <wp:post_type>wp_global_styles</wp:post_type>
  <wp:post_password/>
  <wp:is_sticky>0</wp:is_sticky>
  <category domain="wp_theme" nicename="twentytwentyfive"><![CDATA[twentytwentyfive]]></category>
  <wp:postmeta>
    <wp:meta_key>_publicize_pending</wp:meta_key>
    <wp:meta_value><![CDATA[1]]></wp:meta_value>
  </wp:postmeta>
</item>
<item>
  <title><![CDATA[tourist-with-tablet-camera-navigating]]></title>
  <link>https://bryancastellano.wordpress.com/tourist-with-tablet-camera-navigating/</link>
  <pubDate>Mon, 27 Jan 2025 16:27:58 +0000</pubDate>
  <dc:creator>bryancastellano99</dc:creator>
  <guid isPermaLink="false">http://bryancastellano.files.wordpress.com/2025/01/tourist-with-tablet-camera-navigating.jpg</guid>
  <description/>
  <content:encoded><![CDATA[]]></content:encoded>
  <excerpt:encoded><![CDATA[]]></excerpt:encoded>
  <wp:post_id>5</wp:post_id>
  <wp:post_date>2025-01-27 11:27:58</wp:post_date>
  <wp:post_date_gmt>2025-01-27 16:27:58</wp:post_date_gmt>
  <wp:post_modified>2025-01-27 11:30:10</wp:post_modified>
  <wp:post_modified_gmt>2025-01-27 16:30:10</wp:post_modified_gmt>
  <wp:comment_status>open</wp:comment_status>
  <wp:ping_status>closed</wp:ping_status>
  <wp:post_name>tourist-with-tablet-camera-navigating</wp:post_name>
  <wp:status>inherit</wp:status>
  <wp:post_parent>0</wp:post_parent>
  <wp:menu_order>0</wp:menu_order>
  <wp:post_type>attachment</wp:post_type>
  <wp:post_password/>
  <wp:is_sticky>0</wp:is_sticky>
  <wp:attachment_url>https://bryancastellano.wordpress.com/wp-content/uploads/2025/01/tourist-with-tablet-camera-navigating-172732404-e1737995408481.jpg</wp:attachment_url>
  <wp:postmeta>
    <wp:meta_key>_wp_attached_file</wp:meta_key>
    <wp:meta_value><![CDATA[/home/wpcom/public_html/wp-content/blogs.dir/a6d/241125415/files/2025/01/tourist-with-tablet-camera-navigating-172732404-e1737995408481.jpg]]></wp:meta_value>
  </wp:postmeta>
  <wp:postmeta>
    <wp:meta_key>_wp_attachment_metadata</wp:meta_key>
    <wp:meta_value><![CDATA[a:6:{s:5:"width";i:4160;s:6:"height";i:4160;s:4:"file";s:139:"/home/wpcom/public_html/wp-content/blogs.dir/a6d/241125415/files/2025/01/tourist-with-tablet-camera-navigating-172732404-e1737995408956.jpg";s:8:"filesize";i:18475516;s:5:"sizes";a:0:{}s:10:"image_meta";a:12:{s:8:"aperture";s:1:"0";s:6:"credit";s:0:"";s:6:"camera";s:0:"";s:7:"caption";s:0:"";s:17:"created_timestamp";s:1:"0";s:9:"copyright";s:0:"";s:12:"focal_length";s:1:"0";s:3:"iso";s:1:"0";s:13:"shutter_speed";s:1:"0";s:5:"title";s:0:"";s:11:"orientation";s:1:"0";s:8:"keywords";a:0:{}}}]]></wp:meta_value>
  </wp:postmeta>
  <wp:postmeta>
    <wp:meta_key>_wp_original_post_media</wp:meta_key>
    <wp:meta_value><![CDATA[O:8:"stdClass":6:{s:4:"date";s:25:"2025-01-27T11:27:58-05:00";s:3:"URL";s:106:"https://bryancastellano.wordpress.com/wp-content/uploads/2025/01/tourist-with-tablet-camera-navigating.jpg";s:4:"file";s:41:"tourist-with-tablet-camera-navigating.jpg";s:9:"extension";s:3:"jpg";s:9:"mime_type";s:10:"image/jpeg";s:4:"size";i:17565396;}]]></wp:meta_value>
  </wp:postmeta>
  <wp:postmeta>
    <wp:meta_key>_wp_original_post_media</wp:meta_key>
    <wp:meta_value><![CDATA[O:8:"stdClass":6:{s:4:"date";s:25:"2025-01-27T11:27:58-05:00";s:3:"URL";s:106:"https://bryancastellano.wordpress.com/wp-content/uploads/2025/01/tourist-with-tablet-camera-navigating.jpg";s:4:"file";s:41:"tourist-with-tablet-camera-navigating.jpg";s:9:"extension";s:3:"jpg";s:9:"mime_type";s:10:"image/jpeg";s:4:"size";i:17565396;}]]></wp:meta_value>
  </wp:postmeta>
</item>
<item>
  <title><![CDATA[cropped-tourist-with-tablet-camera-navigating]]></title>
  <link>https://bryancastellano.wordpress.com/cropped-tourist-with-tablet-camera-navigating/</link>
  <pubDate>Mon, 27 Jan 2025 16:30:09 +0000</pubDate>
  <dc:creator>bryancastellano99</dc:creator>
  <guid isPermaLink="false">http://bryancastellano.files.wordpress.com/2025/01/cropped-tourist-with-tablet-camera-navigating.jpg</guid>
  <description/>
  <content:encoded><![CDATA[]]></content:encoded>
  <excerpt:encoded><![CDATA[]]></excerpt:encoded>
  <wp:post_id>6</wp:post_id>
  <wp:post_date>2025-01-27 11:30:09</wp:post_date>
  <wp:post_date_gmt>2025-01-27 16:30:09</wp:post_date_gmt>
  <wp:post_modified>2025-01-27 11:30:09</wp:post_modified>
  <wp:post_modified_gmt>2025-01-27 16:30:09</wp:post_modified_gmt>
  <wp:comment_status>open</wp:comment_status>
  <wp:ping_status>closed</wp:ping_status>
  <wp:post_name>cropped-tourist-with-tablet-camera-navigating</wp:post_name>
  <wp:status>inherit</wp:status>
  <wp:post_parent>0</wp:post_parent>
  <wp:menu_order>0</wp:menu_order>
  <wp:post_type>attachment</wp:post_type>
  <wp:post_password/>
  <wp:is_sticky>0</wp:is_sticky>
  <wp:attachment_url>https://bryancastellano.wordpress.com/wp-content/uploads/2025/01/cropped-tourist-with-tablet-camera-navigating.jpg</wp:attachment_url>
  <wp:postmeta>
    <wp:meta_key>_wp_attached_file</wp:meta_key>
    <wp:meta_value><![CDATA[/home/wpcom/public_html/wp-content/blogs.dir/a6d/241125415/files/2025/01/cropped-tourist-with-tablet-camera-navigating.jpg]]></wp:meta_value>
  </wp:postmeta>
  <wp:postmeta>
    <wp:meta_key>_wp_attachment_metadata</wp:meta_key>
    <wp:meta_value><![CDATA[a:6:{s:5:"width";i:4160;s:6:"height";i:4160;s:4:"file";s:122:"/home/wpcom/public_html/wp-content/blogs.dir/a6d/241125415/files/2025/01/cropped-tourist-with-tablet-camera-navigating.jpg";s:8:"filesize";i:18359701;s:5:"sizes";a:0:{}s:10:"image_meta";a:12:{s:8:"aperture";s:1:"0";s:6:"credit";s:0:"";s:6:"camera";s:0:"";s:7:"caption";s:0:"";s:17:"created_timestamp";s:1:"0";s:9:"copyright";s:0:"";s:12:"focal_length";s:1:"0";s:3:"iso";s:1:"0";s:13:"shutter_speed";s:1:"0";s:5:"title";s:0:"";s:11:"orientation";s:1:"0";s:8:"keywords";a:0:{}}}]]></wp:meta_value>
  </wp:postmeta>
</item>
<item>
  <title><![CDATA[Inicio]]></title>
  <link>https://bryancastellano.wordpress.com/</link>
  <pubDate>Mon, 27 Jan 2025 16:41:22 +0000</pubDate>
  <dc:creator>bryancastellano99</dc:creator>
  <guid isPermaLink="false">https://bryancastellano.wordpress.com/?page_id=7</guid>
  <description/>
  <content:encoded><![CDATA[<!-- wp:group {"metadata":{"name":"Header","categories":["header"],"patternName":"a8c/header-logo-left-menu-centered-social-right"},"align":"full","style":{"spacing":{"padding":{"top":"var:preset|spacing|30","bottom":"var:preset|spacing|30","left":"var(\u002d\u002dwp\u002d\u002dstyle\u002d\u002droot\u002d\u002dpadding-left, var(\u002d\u002dwp\u002d\u002dcustom\u002d\u002dgap\u002d\u002dhorizontal))","right":"var(\u002d\u002dwp\u002d\u002dstyle\u002d\u002droot\u002d\u002dpadding-right, var(\u002d\u002dwp\u002d\u002dcustom\u002d\u002dgap\u002d\u002dhorizontal))"},"margin":{"top":"0","bottom":"0"}}},"layout":{"type":"constrained","justifyContent":"center"}} -->
<div class="wp-block-group alignfull" style="margin-top:0;margin-bottom:0;padding-top:var(--wp--preset--spacing--30);padding-right:var(--wp--style--root--padding-right, var(--wp--custom--gap--horizontal));padding-bottom:var(--wp--preset--spacing--30);padding-left:var(--wp--style--root--padding-left, var(--wp--custom--gap--horizontal))"><!-- wp:group {"tagName":"header","metadata":{"name":"Contents"},"align":"wide","style":{"spacing":{"margin":{"top":"0","bottom":"0"},"blockGap":"var:preset|spacing|40"}},"layout":{"type":"flex","flexWrap":"nowrap","justifyContent":"space-between"}} -->
<header class="wp-block-group alignwide" style="margin-top:0;margin-bottom:0"><!-- wp:group {"className":"grow  md:grow-0","style":{"layout":{"selfStretch":"fixed","flexSize":"25%"}},"layout":{"type":"flex","flexWrap":"nowrap","justifyContent":"left"}} -->
<div class="wp-block-group grow md:grow-0"><!-- wp:site-title /--></div>
<!-- /wp:group -->

<!-- wp:navigation {"ref":3,"className":"order-1 md:order-0","style":{"layout":{"selfStretch":"fit","flexSize":null}},"layout":{"type":"flex","justifyContent":"center"}} /-->

<!-- wp:group {"className":"grow md:grow-0","style":{"spacing":{"blockGap":"var:preset|spacing|20"},"layout":{"selfStretch":"fixed","flexSize":"25%"}},"layout":{"type":"flex","flexWrap":"nowrap","justifyContent":"right"}} -->
<div class="wp-block-group grow md:grow-0"><!-- wp:social-links {"className":"is-style-logos-only","style":{"spacing":{"blockGap":{"left":"8px"}}},"layout":{"type":"flex","flexWrap":"nowrap"}} -->
<ul class="wp-block-social-links is-style-logos-only"><!-- wp:social-link {"url":"https://www.linkedin.com/feed/","service":"linkedin"} /-->

<!-- wp:social-link {"url":"https://github.com/","service":"github"} /--></ul>
<!-- /wp:social-links --></div>
<!-- /wp:group --></header>
<!-- /wp:group --></div>
<!-- /wp:group -->

<!-- wp:media-text {"align":"full","mediaId":41,"mediaLink":"https://bryancastellano.wordpress.com/inicio/pexels-edouard-mihigo-129683048-30219278/","mediaType":"image","imageFill":true} -->
<div class="wp-block-media-text alignfull is-stacked-on-mobile is-image-fill-element"><figure class="wp-block-media-text__media"><img src="https://bryancastellano.wordpress.com/wp-content/uploads/2025/02/pexels-edouard-mihigo-129683048-30219278.jpg?w=683" alt="" class="wp-image-41 size-full" style="object-position:50% 50%" /></figure><div class="wp-block-media-text__content"><!-- wp:cover {"overlayColor":"background","isUserOverlayColor":true,"minHeight":95,"minHeightUnit":"vh","className":"is-light"} -->
<div class="wp-block-cover is-light" style="min-height:95vh"><span aria-hidden="true" class="wp-block-cover__background has-background-background-color has-background-dim-100 has-background-dim"></span><div class="wp-block-cover__inner-container"><!-- wp:image {"id":40,"sizeSlug":"large","linkDestination":"none","align":"center","className":"is-resized is-style-rounded"} -->
<figure class="wp-block-image aligncenter size-large is-resized is-style-rounded"><img src="https://bryancastellano.wordpress.com/wp-content/uploads/2025/02/whatsapp-image-2025-02-10-at-10.56.31-am-2.jpeg?w=644" alt="" class="wp-image-40" /></figure>
<!-- /wp:image -->

<!-- wp:heading {"textAlign":"center","level":1} -->
<h1 class="wp-block-heading has-text-align-center"><strong>Jasmine Baker</strong></h1>
<!-- /wp:heading -->

<!-- wp:paragraph {"align":"center","style":{"elements":{"link":{"color":{"text":"var:preset|color|primary"}}}},"backgroundColor":"background","textColor":"primary"} -->
<p class="has-text-align-center has-primary-color has-background-background-color has-text-color has-background has-link-color">En este espacio comparto mis proyectos, experiencias y conocimientos, con el objetivo de conectar, inspirar y colaborar con personas que buscan crecer y aprender. Aquí encontrarás un vistazo a mi trabajo, mis pasiones y cómo puedo ayudarte</p>
<!-- /wp:paragraph -->

<!-- wp:social-links {"align":"center","className":"is-style-default"} -->
<ul class="wp-block-social-links aligncenter is-style-default"><!-- wp:social-link {"url":"https://www.linkedin.com/feed/","service":"linkedin"} /-->

<!-- wp:social-link {"url":"https://github.com/","service":"github"} /--></ul>
<!-- /wp:social-links --></div></div>
<!-- /wp:cover --></div></div>
<!-- /wp:media-text -->]]></content:encoded>
  <excerpt:encoded><![CDATA[]]></excerpt:encoded>
  <wp:post_id>7</wp:post_id>
  <wp:post_date>2025-01-27 11:41:22</wp:post_date>
  <wp:post_date_gmt>2025-01-27 16:41:22</wp:post_date_gmt>
  <wp:post_modified>2025-02-10 11:56:31</wp:post_modified>
  <wp:post_modified_gmt>2025-02-10 16:56:31</wp:post_modified_gmt>
  <wp:comment_status>closed</wp:comment_status>
  <wp:ping_status>closed</wp:ping_status>
  <wp:post_name>inicio</wp:post_name>
  <wp:status>publish</wp:status>
  <wp:post_parent>0</wp:post_parent>
  <wp:menu_order>0</wp:menu_order>
  <wp:post_type>page</wp:post_type>
  <wp:post_password/>
  <wp:is_sticky>0</wp:is_sticky>
  <wp:postmeta>
    <wp:meta_key>_tft_homepage_template</wp:meta_key>
    <wp:meta_value><![CDATA[pub/baker]]></wp:meta_value>
  </wp:postmeta>
  <wp:postmeta>
    <wp:meta_key>_publicize_pending</wp:meta_key>
    <wp:meta_value><![CDATA[1]]></wp:meta_value>
  </wp:postmeta>
  <wp:postmeta>
    <wp:meta_key>_elasticsearch_data_sharing_indexed_on</wp:meta_key>
    <wp:meta_value><![CDATA[2025-01-27 16:41:26]]></wp:meta_value>
  </wp:postmeta>
  <wp:postmeta>
    <wp:meta_key>_g_feedback_shortcode_784f9382156ed25a9f0b94102a68cccf0240c765</wp:meta_key>
    <wp:meta_value><![CDATA[
				[contact-field label="Nombre" type="name"  required="true" /]
				[contact-field label="Correo electrónico" type="email" required="true" /]
				[contact-field label="Web" type="url" /]
				[contact-field label="Mensaje" type="textarea" /]]]></wp:meta_value>
  </wp:postmeta>
  <wp:postmeta>
    <wp:meta_key>_g_feedback_shortcode_atts_784f9382156ed25a9f0b94102a68cccf0240c765</wp:meta_key>
    <wp:meta_value><![CDATA[a:17:{s:2:"to";s:27:"bryancastellano99@gmail.com";s:7:"subject";s:25:"[Bryan Castellano] Inicio";s:12:"show_subject";s:2:"no";s:6:"widget";i:0;s:14:"block_template";N;s:19:"block_template_part";N;s:2:"id";i:7;s:18:"submit_button_text";s:6:"Enviar";s:14:"customThankyou";s:0:"";s:21:"customThankyouHeading";s:24:"Se ha enviado tu mensaje";s:21:"customThankyouMessage";s:24:"¡Gracias por tu envío!";s:22:"customThankyouRedirect";s:0:"";s:10:"jetpackCRM";b:1;s:9:"className";N;s:9:"postToUrl";N;s:14:"salesforceData";N;s:12:"hiddenFields";N;}]]></wp:meta_value>
  </wp:postmeta>
  <wp:postmeta>
    <wp:meta_key>_last_editor_used_jetpack</wp:meta_key>
    <wp:meta_value><![CDATA[block-editor]]></wp:meta_value>
  </wp:postmeta>
</item>
<item>
  <title><![CDATA[Blog]]></title>
  <link>https://bryancastellano.wordpress.com/blog/</link>
  <pubDate>Mon, 27 Jan 2025 16:41:23 +0000</pubDate>
  <dc:creator>bryancastellano99</dc:creator>
  <guid isPermaLink="false">https://bryancastellano.wordpress.com/blog/</guid>
  <description/>
  <content:encoded><![CDATA[]]></content:encoded>
  <excerpt:encoded><![CDATA[]]></excerpt:encoded>
  <wp:post_id>9</wp:post_id>
  <wp:post_date>2025-01-27 11:41:23</wp:post_date>
  <wp:post_date_gmt>2025-01-27 16:41:23</wp:post_date_gmt>
  <wp:post_modified>2025-01-27 11:41:23</wp:post_modified>
  <wp:post_modified_gmt>2025-01-27 16:41:23</wp:post_modified_gmt>
  <wp:comment_status>closed</wp:comment_status>
  <wp:ping_status>closed</wp:ping_status>
  <wp:post_name>blog</wp:post_name>
  <wp:status>publish</wp:status>
  <wp:post_parent>0</wp:post_parent>
  <wp:menu_order>0</wp:menu_order>
  <wp:post_type>page</wp:post_type>
  <wp:post_password/>
  <wp:is_sticky>0</wp:is_sticky>
  <wp:postmeta>
    <wp:meta_key>_tft_posts_page</wp:meta_key>
    <wp:meta_value><![CDATA[1]]></wp:meta_value>
  </wp:postmeta>
  <wp:postmeta>
    <wp:meta_key>_publicize_pending</wp:meta_key>
    <wp:meta_value><![CDATA[1]]></wp:meta_value>
  </wp:postmeta>
  <wp:postmeta>
    <wp:meta_key>_elasticsearch_data_sharing_indexed_on</wp:meta_key>
    <wp:meta_value><![CDATA[2025-01-27 16:41:26]]></wp:meta_value>
  </wp:postmeta>
</item>
<item>
  <title><![CDATA[WhatsApp Image 2025-01-27 at 11.44.46 AM]]></title>
  <link>https://bryancastellano.wordpress.com/inicio/whatsapp-image-2025-01-27-at-11-44-46-am/</link>
  <pubDate>Mon, 27 Jan 2025 16:45:30 +0000</pubDate>
  <dc:creator>bryancastellano99</dc:creator>
  <guid isPermaLink="false">http://bryancastellano.files.wordpress.com/2025/01/whatsapp-image-2025-01-27-at-11.44.46-am.jpeg</guid>
  <description/>
  <content:encoded><![CDATA[]]></content:encoded>
  <excerpt:encoded><![CDATA[]]></excerpt:encoded>
  <wp:post_id>10</wp:post_id>
  <wp:post_date>2025-01-27 11:45:30</wp:post_date>
  <wp:post_date_gmt>2025-01-27 16:45:30</wp:post_date_gmt>
  <wp:post_modified>2025-01-27 11:45:30</wp:post_modified>
  <wp:post_modified_gmt>2025-01-27 16:45:30</wp:post_modified_gmt>
  <wp:comment_status>open</wp:comment_status>
  <wp:ping_status>closed</wp:ping_status>
  <wp:post_name>whatsapp-image-2025-01-27-at-11-44-46-am</wp:post_name>
  <wp:status>inherit</wp:status>
  <wp:post_parent>7</wp:post_parent>
  <wp:menu_order>0</wp:menu_order>
  <wp:post_type>attachment</wp:post_type>
  <wp:post_password/>
  <wp:is_sticky>0</wp:is_sticky>
  <wp:attachment_url>https://bryancastellano.wordpress.com/wp-content/uploads/2025/01/whatsapp-image-2025-01-27-at-11.44.46-am.jpeg</wp:attachment_url>
  <wp:postmeta>
    <wp:meta_key>_wp_attached_file</wp:meta_key>
    <wp:meta_value><![CDATA[/home/wpcom/public_html/wp-content/blogs.dir/a6d/241125415/files/2025/01/whatsapp-image-2025-01-27-at-11.44.46-am.jpeg]]></wp:meta_value>
  </wp:postmeta>
  <wp:postmeta>
    <wp:meta_key>_wp_attachment_metadata</wp:meta_key>
    <wp:meta_value><![CDATA[a:6:{s:5:"width";i:1006;s:6:"height";i:1600;s:4:"file";s:118:"/home/wpcom/public_html/wp-content/blogs.dir/a6d/241125415/files/2025/01/whatsapp-image-2025-01-27-at-11.44.46-am.jpeg";s:8:"filesize";i:107982;s:5:"sizes";a:0:{}s:10:"image_meta";a:12:{s:8:"aperture";s:1:"0";s:6:"credit";s:0:"";s:6:"camera";s:0:"";s:7:"caption";s:0:"";s:17:"created_timestamp";s:1:"0";s:9:"copyright";s:0:"";s:12:"focal_length";s:1:"0";s:3:"iso";s:1:"0";s:13:"shutter_speed";s:1:"0";s:5:"title";s:0:"";s:11:"orientation";s:1:"0";s:8:"keywords";a:0:{}}}]]></wp:meta_value>
  </wp:postmeta>
</item>
<item>
  <title><![CDATA[descarga (2)]]></title>
  <link>https://bryancastellano.wordpress.com/inicio/descarga-2/</link>
  <pubDate>Mon, 27 Jan 2025 16:48:44 +0000</pubDate>
  <dc:creator>bryancastellano99</dc:creator>
  <guid isPermaLink="false">http://bryancastellano.files.wordpress.com/2025/01/descarga-2.jpg</guid>
  <description/>
  <content:encoded><![CDATA[]]></content:encoded>
  <excerpt:encoded><![CDATA[]]></excerpt:encoded>
  <wp:post_id>13</wp:post_id>
  <wp:post_date>2025-01-27 11:48:44</wp:post_date>
  <wp:post_date_gmt>2025-01-27 16:48:44</wp:post_date_gmt>
  <wp:post_modified>2025-01-27 11:48:44</wp:post_modified>
  <wp:post_modified_gmt>2025-01-27 16:48:44</wp:post_modified_gmt>
  <wp:comment_status>open</wp:comment_status>
  <wp:ping_status>closed</wp:ping_status>
  <wp:post_name>descarga-2</wp:post_name>
  <wp:status>inherit</wp:status>
  <wp:post_parent>7</wp:post_parent>
  <wp:menu_order>0</wp:menu_order>
  <wp:post_type>attachment</wp:post_type>
  <wp:post_password/>
  <wp:is_sticky>0</wp:is_sticky>
  <wp:attachment_url>https://bryancastellano.wordpress.com/wp-content/uploads/2025/01/descarga-2.jpg</wp:attachment_url>
  <wp:postmeta>
    <wp:meta_key>_wp_attached_file</wp:meta_key>
    <wp:meta_value><![CDATA[/home/wpcom/public_html/wp-content/blogs.dir/a6d/241125415/files/2025/01/descarga-2.jpg]]></wp:meta_value>
  </wp:postmeta>
  <wp:postmeta>
    <wp:meta_key>_wp_attachment_metadata</wp:meta_key>
    <wp:meta_value><![CDATA[a:6:{s:5:"width";i:275;s:6:"height";i:183;s:4:"file";s:87:"/home/wpcom/public_html/wp-content/blogs.dir/a6d/241125415/files/2025/01/descarga-2.jpg";s:8:"filesize";i:12899;s:5:"sizes";a:0:{}s:10:"image_meta";a:12:{s:8:"aperture";s:1:"0";s:6:"credit";s:0:"";s:6:"camera";s:0:"";s:7:"caption";s:0:"";s:17:"created_timestamp";s:1:"0";s:9:"copyright";s:0:"";s:12:"focal_length";s:1:"0";s:3:"iso";s:1:"0";s:13:"shutter_speed";s:1:"0";s:5:"title";s:0:"";s:11:"orientation";s:1:"0";s:8:"keywords";a:0:{}}}]]></wp:meta_value>
  </wp:postmeta>
</item>
<item>
  <title><![CDATA[images]]></title>
  <link>https://bryancastellano.wordpress.com/inicio/images/</link>
  <pubDate>Mon, 27 Jan 2025 16:49:10 +0000</pubDate>
  <dc:creator>bryancastellano99</dc:creator>
  <guid isPermaLink="false">http://bryancastellano.files.wordpress.com/2025/01/images.jpg</guid>
  <description/>
  <content:encoded><![CDATA[]]></content:encoded>
  <excerpt:encoded><![CDATA[]]></excerpt:encoded>
  <wp:post_id>14</wp:post_id>
  <wp:post_date>2025-01-27 11:49:10</wp:post_date>
  <wp:post_date_gmt>2025-01-27 16:49:10</wp:post_date_gmt>
  <wp:post_modified>2025-01-27 11:49:10</wp:post_modified>
  <wp:post_modified_gmt>2025-01-27 16:49:10</wp:post_modified_gmt>
  <wp:comment_status>open</wp:comment_status>
  <wp:ping_status>closed</wp:ping_status>
  <wp:post_name>images</wp:post_name>
  <wp:status>inherit</wp:status>
  <wp:post_parent>7</wp:post_parent>
  <wp:menu_order>0</wp:menu_order>
  <wp:post_type>attachment</wp:post_type>
  <wp:post_password/>
  <wp:is_sticky>0</wp:is_sticky>
  <wp:attachment_url>https://bryancastellano.wordpress.com/wp-content/uploads/2025/01/images.jpg</wp:attachment_url>
  <wp:postmeta>
    <wp:meta_key>_wp_attached_file</wp:meta_key>
    <wp:meta_value><![CDATA[/home/wpcom/public_html/wp-content/blogs.dir/a6d/241125415/files/2025/01/images.jpg]]></wp:meta_value>
  </wp:postmeta>
  <wp:postmeta>
    <wp:meta_key>_wp_attachment_metadata</wp:meta_key>
    <wp:meta_value><![CDATA[a:6:{s:5:"width";i:300;s:6:"height";i:168;s:4:"file";s:83:"/home/wpcom/public_html/wp-content/blogs.dir/a6d/241125415/files/2025/01/images.jpg";s:8:"filesize";i:14496;s:5:"sizes";a:0:{}s:10:"image_meta";a:12:{s:8:"aperture";s:1:"0";s:6:"credit";s:0:"";s:6:"camera";s:0:"";s:7:"caption";s:0:"";s:17:"created_timestamp";s:1:"0";s:9:"copyright";s:0:"";s:12:"focal_length";s:1:"0";s:3:"iso";s:1:"0";s:13:"shutter_speed";s:1:"0";s:5:"title";s:0:"";s:11:"orientation";s:1:"0";s:8:"keywords";a:0:{}}}]]></wp:meta_value>
  </wp:postmeta>
</item>
<item>
  <title><![CDATA[Capa-do-Blog-Marketing-Digital]]></title>
  <link>https://bryancastellano.wordpress.com/inicio/capa-do-blog-marketing-digital/</link>
  <pubDate>Mon, 27 Jan 2025 16:49:57 +0000</pubDate>
  <dc:creator>bryancastellano99</dc:creator>
  <guid isPermaLink="false">http://bryancastellano.files.wordpress.com/2025/01/capa-do-blog-marketing-digital.png</guid>
  <description/>
  <content:encoded><![CDATA[]]></content:encoded>
  <excerpt:encoded><![CDATA[]]></excerpt:encoded>
  <wp:post_id>15</wp:post_id>
  <wp:post_date>2025-01-27 11:49:57</wp:post_date>
  <wp:post_date_gmt>2025-01-27 16:49:57</wp:post_date_gmt>
  <wp:post_modified>2025-01-27 11:49:57</wp:post_modified>
  <wp:post_modified_gmt>2025-01-27 16:49:57</wp:post_modified_gmt>
  <wp:comment_status>open</wp:comment_status>
  <wp:ping_status>closed</wp:ping_status>
  <wp:post_name>capa-do-blog-marketing-digital</wp:post_name>
  <wp:status>inherit</wp:status>
  <wp:post_parent>7</wp:post_parent>
  <wp:menu_order>0</wp:menu_order>
  <wp:post_type>attachment</wp:post_type>
  <wp:post_password/>
  <wp:is_sticky>0</wp:is_sticky>
  <wp:attachment_url>https://bryancastellano.wordpress.com/wp-content/uploads/2025/01/capa-do-blog-marketing-digital.png</wp:attachment_url>
  <wp:postmeta>
    <wp:meta_key>_wp_attached_file</wp:meta_key>
    <wp:meta_value><![CDATA[/home/wpcom/public_html/wp-content/blogs.dir/a6d/241125415/files/2025/01/capa-do-blog-marketing-digital.png]]></wp:meta_value>
  </wp:postmeta>
  <wp:postmeta>
    <wp:meta_key>_wp_attachment_metadata</wp:meta_key>
    <wp:meta_value><![CDATA[a:6:{s:5:"width";i:1140;s:6:"height";i:500;s:4:"file";s:107:"/home/wpcom/public_html/wp-content/blogs.dir/a6d/241125415/files/2025/01/capa-do-blog-marketing-digital.png";s:8:"filesize";i:281755;s:5:"sizes";a:0:{}s:10:"image_meta";a:12:{s:8:"aperture";s:1:"0";s:6:"credit";s:0:"";s:6:"camera";s:0:"";s:7:"caption";s:0:"";s:17:"created_timestamp";s:1:"0";s:9:"copyright";s:0:"";s:12:"focal_length";s:1:"0";s:3:"iso";s:1:"0";s:13:"shutter_speed";s:1:"0";s:5:"title";s:0:"";s:11:"orientation";s:1:"0";s:8:"keywords";a:0:{}}}]]></wp:meta_value>
  </wp:postmeta>
</item>
<item>
  <title><![CDATA[WhatsApp Image 2025-02-10 at 10.56.31 AM]]></title>
  <link>https://bryancastellano.wordpress.com/about/whatsapp-image-2025-02-10-at-10-56-31-am/</link>
  <pubDate>Mon, 10 Feb 2025 15:57:06 +0000</pubDate>
  <dc:creator>bryancastellano99</dc:creator>
  <guid isPermaLink="false">http://bryancastellano.files.wordpress.com/2025/02/whatsapp-image-2025-02-10-at-10.56.31-am.jpeg</guid>
  <description/>
  <content:encoded><![CDATA[]]></content:encoded>
  <excerpt:encoded><![CDATA[]]></excerpt:encoded>
  <wp:post_id>21</wp:post_id>
  <wp:post_date>2025-02-10 10:57:06</wp:post_date>
  <wp:post_date_gmt>2025-02-10 15:57:06</wp:post_date_gmt>
  <wp:post_modified>2025-02-10 10:57:06</wp:post_modified>
  <wp:post_modified_gmt>2025-02-10 15:57:06</wp:post_modified_gmt>
  <wp:comment_status>open</wp:comment_status>
  <wp:ping_status>closed</wp:ping_status>
  <wp:post_name>whatsapp-image-2025-02-10-at-10-56-31-am</wp:post_name>
  <wp:status>inherit</wp:status>
  <wp:post_parent>1</wp:post_parent>
  <wp:menu_order>0</wp:menu_order>
  <wp:post_type>attachment</wp:post_type>
  <wp:post_password/>
  <wp:is_sticky>0</wp:is_sticky>
  <wp:attachment_url>https://bryancastellano.wordpress.com/wp-content/uploads/2025/02/whatsapp-image-2025-02-10-at-10.56.31-am.jpeg</wp:attachment_url>
  <wp:postmeta>
    <wp:meta_key>_wp_attached_file</wp:meta_key>
    <wp:meta_value><![CDATA[/home/wpcom/public_html/wp-content/blogs.dir/a6d/241125415/files/2025/02/whatsapp-image-2025-02-10-at-10.56.31-am.jpeg]]></wp:meta_value>
  </wp:postmeta>
  <wp:postmeta>
    <wp:meta_key>_wp_attachment_metadata</wp:meta_key>
    <wp:meta_value><![CDATA[a:6:{s:5:"width";i:1006;s:6:"height";i:1600;s:4:"file";s:118:"/home/wpcom/public_html/wp-content/blogs.dir/a6d/241125415/files/2025/02/whatsapp-image-2025-02-10-at-10.56.31-am.jpeg";s:8:"filesize";i:107982;s:5:"sizes";a:0:{}s:10:"image_meta";a:12:{s:8:"aperture";s:1:"0";s:6:"credit";s:0:"";s:6:"camera";s:0:"";s:7:"caption";s:0:"";s:17:"created_timestamp";s:1:"0";s:9:"copyright";s:0:"";s:12:"focal_length";s:1:"0";s:3:"iso";s:1:"0";s:13:"shutter_speed";s:1:"0";s:5:"title";s:0:"";s:11:"orientation";s:1:"0";s:8:"keywords";a:0:{}}}]]></wp:meta_value>
  </wp:postmeta>
</item>
<item>
  <title><![CDATA[WhatsApp Image 2025-02-10 at 10.56.31 AM]]></title>
  <link>https://bryancastellano.wordpress.com/about/whatsapp-image-2025-02-10-at-10-56-31-am-2/</link>
  <pubDate>Mon, 10 Feb 2025 15:58:33 +0000</pubDate>
  <dc:creator>bryancastellano99</dc:creator>
  <guid isPermaLink="false">http://bryancastellano.files.wordpress.com/2025/02/whatsapp-image-2025-02-10-at-10.56.31-am-1.jpeg</guid>
  <description/>
  <content:encoded><![CDATA[]]></content:encoded>
  <excerpt:encoded><![CDATA[]]></excerpt:encoded>
  <wp:post_id>23</wp:post_id>
  <wp:post_date>2025-02-10 10:58:33</wp:post_date>
  <wp:post_date_gmt>2025-02-10 15:58:33</wp:post_date_gmt>
  <wp:post_modified>2025-02-10 10:58:33</wp:post_modified>
  <wp:post_modified_gmt>2025-02-10 15:58:33</wp:post_modified_gmt>
  <wp:comment_status>open</wp:comment_status>
  <wp:ping_status>closed</wp:ping_status>
  <wp:post_name>whatsapp-image-2025-02-10-at-10-56-31-am-2</wp:post_name>
  <wp:status>inherit</wp:status>
  <wp:post_parent>1</wp:post_parent>
  <wp:menu_order>0</wp:menu_order>
  <wp:post_type>attachment</wp:post_type>
  <wp:post_password/>
  <wp:is_sticky>0</wp:is_sticky>
  <wp:attachment_url>https://bryancastellano.wordpress.com/wp-content/uploads/2025/02/whatsapp-image-2025-02-10-at-10.56.31-am-1.jpeg</wp:attachment_url>
  <wp:postmeta>
    <wp:meta_key>_wp_attached_file</wp:meta_key>
    <wp:meta_value><![CDATA[/home/wpcom/public_html/wp-content/blogs.dir/a6d/241125415/files/2025/02/whatsapp-image-2025-02-10-at-10.56.31-am-1.jpeg]]></wp:meta_value>
  </wp:postmeta>
  <wp:postmeta>
    <wp:meta_key>_wp_attachment_metadata</wp:meta_key>
    <wp:meta_value><![CDATA[a:6:{s:5:"width";i:1006;s:6:"height";i:1600;s:4:"file";s:120:"/home/wpcom/public_html/wp-content/blogs.dir/a6d/241125415/files/2025/02/whatsapp-image-2025-02-10-at-10.56.31-am-1.jpeg";s:8:"filesize";i:107982;s:5:"sizes";a:0:{}s:10:"image_meta";a:12:{s:8:"aperture";s:1:"0";s:6:"credit";s:0:"";s:6:"camera";s:0:"";s:7:"caption";s:0:"";s:17:"created_timestamp";s:1:"0";s:9:"copyright";s:0:"";s:12:"focal_length";s:1:"0";s:3:"iso";s:1:"0";s:13:"shutter_speed";s:1:"0";s:5:"title";s:0:"";s:11:"orientation";s:1:"0";s:8:"keywords";a:0:{}}}]]></wp:meta_value>
  </wp:postmeta>
</item>
<item>
  <title><![CDATA[Jetpack t-shirt]]></title>
  <link>https://bryancastellano.wordpress.com/?post_type=jp_pay_product&amp;p=24</link>
  <pubDate/>
  <dc:creator>bryancastellano99</dc:creator>
  <guid isPermaLink="false">https://bryancastellano.wordpress.com/?post_type=jp_pay_product&amp;p=24</guid>
  <description/>
  <content:encoded><![CDATA[Take flight in ultimate comfort with this stylish t-shirt featuring the Jetpack logo.]]></content:encoded>
  <excerpt:encoded><![CDATA[]]></excerpt:encoded>
  <wp:post_id>24</wp:post_id>
  <wp:post_date>2025-02-10 11:04:07</wp:post_date>
  <wp:post_date_gmt>0000-00-00 00:00:00</wp:post_date_gmt>
  <wp:post_modified>2025-02-10 11:04:07</wp:post_modified>
  <wp:post_modified_gmt>0000-00-00 00:00:00</wp:post_modified_gmt>
  <wp:comment_status>closed</wp:comment_status>
  <wp:ping_status>closed</wp:ping_status>
  <wp:post_name/>
  <wp:status>draft</wp:status>
  <wp:post_parent>0</wp:post_parent>
  <wp:menu_order>0</wp:menu_order>
  <wp:post_type>jp_pay_product</wp:post_type>
  <wp:post_password/>
  <wp:is_sticky>0</wp:is_sticky>
  <wp:postmeta>
    <wp:meta_key>spay_price</wp:meta_key>
    <wp:meta_value><![CDATA[25]]></wp:meta_value>
  </wp:postmeta>
  <wp:postmeta>
    <wp:meta_key>spay_currency</wp:meta_key>
    <wp:meta_value><![CDATA[USD]]></wp:meta_value>
  </wp:postmeta>
  <wp:postmeta>
    <wp:meta_key>spay_multiple</wp:meta_key>
    <wp:meta_value><![CDATA[]]></wp:meta_value>
  </wp:postmeta>
  <wp:postmeta>
    <wp:meta_key>spay_email</wp:meta_key>
    <wp:meta_value><![CDATA[jetpack@jetpack.com]]></wp:meta_value>
  </wp:postmeta>
</item>
<item>
  <title><![CDATA[Contacto]]></title>
  <link>https://bryancastellano.wordpress.com/contacto/</link>
  <pubDate>Mon, 10 Feb 2025 16:41:30 +0000</pubDate>
  <dc:creator>bryancastellano99</dc:creator>
  <guid isPermaLink="false">https://bryancastellano.wordpress.com/?page_id=30</guid>
  <description/>
  <content:encoded><![CDATA[<!-- wp:group {"metadata":{"name":"Header","categories":["header"],"patternName":"a8c/header-logo-left-menu-centered-social-right"},"align":"full","style":{"spacing":{"padding":{"top":"var:preset|spacing|30","bottom":"var:preset|spacing|30","left":"var(\u002d\u002dwp\u002d\u002dstyle\u002d\u002droot\u002d\u002dpadding-left, var(\u002d\u002dwp\u002d\u002dcustom\u002d\u002dgap\u002d\u002dhorizontal))","right":"var(\u002d\u002dwp\u002d\u002dstyle\u002d\u002droot\u002d\u002dpadding-right, var(\u002d\u002dwp\u002d\u002dcustom\u002d\u002dgap\u002d\u002dhorizontal))"},"margin":{"top":"0","bottom":"0"}}},"layout":{"type":"constrained","justifyContent":"center"}} -->
<div class="wp-block-group alignfull" style="margin-top:0;margin-bottom:0;padding-top:var(--wp--preset--spacing--30);padding-right:var(--wp--style--root--padding-right, var(--wp--custom--gap--horizontal));padding-bottom:var(--wp--preset--spacing--30);padding-left:var(--wp--style--root--padding-left, var(--wp--custom--gap--horizontal))"><!-- wp:group {"tagName":"header","metadata":{"name":"Contents"},"align":"wide","style":{"spacing":{"margin":{"top":"0","bottom":"0"},"blockGap":"var:preset|spacing|40"}},"layout":{"type":"flex","flexWrap":"nowrap","justifyContent":"space-between"}} -->
<header class="wp-block-group alignwide" style="margin-top:0;margin-bottom:0"><!-- wp:group {"className":"grow  md:grow-0","style":{"layout":{"selfStretch":"fixed","flexSize":"25%"}},"layout":{"type":"flex","flexWrap":"nowrap","justifyContent":"left"}} -->
<div class="wp-block-group grow md:grow-0"><!-- wp:site-title /--></div>
<!-- /wp:group -->

<!-- wp:navigation {"ref":3,"className":"order-1 md:order-0","style":{"layout":{"selfStretch":"fit","flexSize":null}},"layout":{"type":"flex","justifyContent":"center"}} /-->

<!-- wp:group {"className":"grow md:grow-0","style":{"spacing":{"blockGap":"var:preset|spacing|20"},"layout":{"selfStretch":"fixed","flexSize":"25%"}},"layout":{"type":"flex","flexWrap":"nowrap","justifyContent":"right"}} -->
<div class="wp-block-group grow md:grow-0"><!-- wp:social-links {"className":"is-style-logos-only","style":{"spacing":{"blockGap":{"left":"8px"}}},"layout":{"type":"flex","flexWrap":"nowrap"}} -->
<ul class="wp-block-social-links is-style-logos-only"><!-- wp:social-link {"url":"https://www.linkedin.com/feed/","service":"linkedin"} /-->

<!-- wp:social-link {"url":"https://github.com/","service":"github"} /--></ul>
<!-- /wp:social-links --></div>
<!-- /wp:group --></header>
<!-- /wp:group --></div>
<!-- /wp:group -->

<!-- wp:group {"metadata":{"name":"Contact"},"align":"full","style":{"spacing":{"margin":{"top":"0","bottom":"0"},"padding":{"top":"var:preset|spacing|50","bottom":"var:preset|spacing|50"}}},"layout":{"type":"constrained","justifyContent":"center"}} -->
<div class="wp-block-group alignfull" style="margin-top:0;margin-bottom:0;padding-top:var(--wp--preset--spacing--50);padding-bottom:var(--wp--preset--spacing--50)"><!-- wp:columns {"align":"wide"} -->
<div class="wp-block-columns alignwide"><!-- wp:column {"verticalAlignment":"center","width":""} -->
<div class="wp-block-column is-vertically-aligned-center"><!-- wp:heading {"fontSize":"x-large"} -->
<h2 class="wp-block-heading has-x-large-font-size">Ponte en contacto conmigo </h2>
<!-- /wp:heading -->

<!-- wp:paragraph {"className":"is-contact-description"} -->
<p class="is-contact-description">Servicio de marketing digital </p>
<!-- /wp:paragraph -->

<!-- wp:spacer {"height":"calc( 0.25 * var(\u002d\u002dwp\u002d\u002dstyle\u002d\u002droot\u002d\u002dpadding-right, var(\u002d\u002dwp\u002d\u002dcustom\u002d\u002dgap\u002d\u002dhorizontal)))"} -->
<div style="height:calc( 0.25 * var(--wp--style--root--padding-right, var(--wp--custom--gap--horizontal)))" aria-hidden="true" class="wp-block-spacer"></div>
<!-- /wp:spacer -->

<!-- wp:jetpack/contact-form {"subject":"","to":"","className":"is-style-default","textColor":"primary","style":{"elements":{"link":{"color":{"text":"var:preset|color|primary"}}}}} -->
<div class="wp-block-jetpack-contact-form is-style-default has-primary-color has-text-color has-link-color"><!-- wp:jetpack/field-name {"label":"Nombre","required":true,"placeholder":"Bryan Castellano ","borderRadius":5,"borderWidth":1} /-->

<!-- wp:jetpack/field-email {"label":"Correo electrónico","required":true,"placeholder":"bryancastellano99@gmail.com","borderRadius":5,"borderWidth":1} /-->

<!-- wp:jetpack/field-textarea {"label":"Mensaje","borderRadius":5,"borderWidth":1} /-->

<!-- wp:jetpack/button {"element":"button","text":"Enviar","width":"","lock":{"remove":true}} /--></div>
<!-- /wp:jetpack/contact-form --></div>
<!-- /wp:column -->

<!-- wp:column -->
<div class="wp-block-column"><!-- wp:gallery {"linkTo":"none","sizeSlug":"full"} -->
<figure class="wp-block-gallery has-nested-images columns-default is-cropped"><!-- wp:image {"id":36,"sizeSlug":"full","linkDestination":"none"} -->
<figure class="wp-block-image size-full"><img src="https://bryancastellano.wordpress.com/wp-content/uploads/2025/02/young-man-with-headset-making-phone-gesture.jpg" alt="" class="wp-image-36" /><figcaption class="wp-element-caption">Young man with a headset making phone gesture</figcaption></figure>
<!-- /wp:image --></figure>
<!-- /wp:gallery --></div>
<!-- /wp:column --></div>
<!-- /wp:columns --></div>
<!-- /wp:group -->

<!-- wp:html -->
[googlemaps https://www.google.com/maps/embed?pb=!1m18!1m12!1m3!1d3989.8036259199926!2d-78.49096462596042!3d-0.1555025354336363!2m3!1f0!2f0!3f0!3m2!1i1024!2i768!4f13.1!3m3!1m2!1s0x91d59aba9e05e6a1%3A0x606478970ed82284!2sInstituto%20Superior%20Tecnol%C3%B3gico%20Cordillera!5e0!3m2!1ses-419!2sec!4v1739204686310!5m2!1ses-419!2sec&amp;w=400&amp;h=300]
<!-- /wp:html -->]]></content:encoded>
  <excerpt:encoded><![CDATA[]]></excerpt:encoded>
  <wp:post_id>30</wp:post_id>
  <wp:post_date>2025-02-10 11:41:30</wp:post_date>
  <wp:post_date_gmt>2025-02-10 16:41:30</wp:post_date_gmt>
  <wp:post_modified>2025-02-10 11:42:02</wp:post_modified>
  <wp:post_modified_gmt>2025-02-10 16:42:02</wp:post_modified_gmt>
  <wp:comment_status>closed</wp:comment_status>
  <wp:ping_status>closed</wp:ping_status>
  <wp:post_name>contacto</wp:post_name>
  <wp:status>publish</wp:status>
  <wp:post_parent>0</wp:post_parent>
  <wp:menu_order>0</wp:menu_order>
  <wp:post_type>page</wp:post_type>
  <wp:post_password/>
  <wp:is_sticky>0</wp:is_sticky>
  <wp:postmeta>
    <wp:meta_key>_publicize_pending</wp:meta_key>
    <wp:meta_value><![CDATA[1]]></wp:meta_value>
  </wp:postmeta>
  <wp:postmeta>
    <wp:meta_key>_g_feedback_shortcode_40e546a31956ece213b1f6c11bb7a2e34b2521fb</wp:meta_key>
    <wp:meta_value><![CDATA[
				[contact-field label="Nombre" type="name"  required="true" /]
				[contact-field label="Correo electrónico" type="email" required="true" /]
				[contact-field label="Web" type="url" /]
				[contact-field label="Mensaje" type="textarea" /]]]></wp:meta_value>
  </wp:postmeta>
  <wp:postmeta>
    <wp:meta_key>_g_feedback_shortcode_atts_40e546a31956ece213b1f6c11bb7a2e34b2521fb</wp:meta_key>
    <wp:meta_value><![CDATA[a:17:{s:2:"to";s:27:"bryancastellano99@gmail.com";s:7:"subject";s:27:"[Bryan Castellano] Contacto";s:12:"show_subject";s:2:"no";s:6:"widget";i:0;s:14:"block_template";N;s:19:"block_template_part";N;s:2:"id";i:30;s:18:"submit_button_text";s:6:"Enviar";s:14:"customThankyou";s:0:"";s:21:"customThankyouHeading";s:24:"Se ha enviado tu mensaje";s:21:"customThankyouMessage";s:24:"¡Gracias por tu envío!";s:22:"customThankyouRedirect";s:0:"";s:10:"jetpackCRM";b:1;s:9:"className";N;s:9:"postToUrl";N;s:14:"salesforceData";N;s:12:"hiddenFields";N;}]]></wp:meta_value>
  </wp:postmeta>
  <wp:postmeta>
    <wp:meta_key>_last_editor_used_jetpack</wp:meta_key>
    <wp:meta_value><![CDATA[block-editor]]></wp:meta_value>
  </wp:postmeta>
  <wp:postmeta>
    <wp:meta_key>advanced_seo_description</wp:meta_key>
    <wp:meta_value><![CDATA[]]></wp:meta_value>
  </wp:postmeta>
  <wp:postmeta>
    <wp:meta_key>jetpack_seo_html_title</wp:meta_key>
    <wp:meta_value><![CDATA[]]></wp:meta_value>
  </wp:postmeta>
  <wp:postmeta>
    <wp:meta_key>jetpack_seo_noindex</wp:meta_key>
    <wp:meta_value><![CDATA[]]></wp:meta_value>
  </wp:postmeta>
  <wp:postmeta>
    <wp:meta_key>_jetpack_post_was_ever_published</wp:meta_key>
    <wp:meta_value><![CDATA[]]></wp:meta_value>
  </wp:postmeta>
  <wp:postmeta>
    <wp:meta_key>reader_suggested_tags</wp:meta_key>
    <wp:meta_value><![CDATA[]]></wp:meta_value>
  </wp:postmeta>
  <wp:postmeta>
    <wp:meta_key>_starter_page_template</wp:meta_key>
    <wp:meta_value><![CDATA[contact-tall-image-with-form]]></wp:meta_value>
  </wp:postmeta>
  <wp:postmeta>
    <wp:meta_key>_wpcom_template_layout_category</wp:meta_key>
    <wp:meta_value><![CDATA[a:1:{i:0;s:7:"contact";}]]></wp:meta_value>
  </wp:postmeta>
  <wp:postmeta>
    <wp:meta_key>footnotes</wp:meta_key>
    <wp:meta_value><![CDATA[]]></wp:meta_value>
  </wp:postmeta>
  <wp:postmeta>
    <wp:meta_key>_g_feedback_shortcode_9461802c6429301beb58cd2002193132cb390013</wp:meta_key>
    <wp:meta_value><![CDATA[
<div class="wp-block-jetpack-contact-form is-style-default has-primary-color has-text-color has-link-color">[contact-field label="Nombre" required="1" placeholder="Bryan Castellano " borderRadius="5" borderWidth="1" type="name"/]

[contact-field label="Correo electrónico" required="1" placeholder="bryancastellano99@gmail.com" borderRadius="5" borderWidth="1" type="email"/]

[contact-field label="Mensaje" borderRadius="5" borderWidth="1" type="textarea"/]

<div class="wp-block-jetpack-button wp-block-button" style="width: ;"><button class="wp-block-button__link" style="" data-id-attr="placeholder" type="submit">Enviar</button></div></div>
]]></wp:meta_value>
  </wp:postmeta>
  <wp:postmeta>
    <wp:meta_key>_g_feedback_shortcode_atts_9461802c6429301beb58cd2002193132cb390013</wp:meta_key>
    <wp:meta_value><![CDATA[a:17:{s:2:"to";s:0:"";s:7:"subject";s:0:"";s:12:"show_subject";s:2:"no";s:6:"widget";i:0;s:14:"block_template";N;s:19:"block_template_part";N;s:2:"id";i:30;s:18:"submit_button_text";s:6:"Enviar";s:14:"customThankyou";s:0:"";s:21:"customThankyouHeading";s:24:"Se ha enviado tu mensaje";s:21:"customThankyouMessage";s:24:"¡Gracias por tu envío!";s:22:"customThankyouRedirect";s:0:"";s:10:"jetpackCRM";b:1;s:9:"className";s:61:"is-style-default wp-elements-1a66f01668432df400617520b9239fb9";s:9:"postToUrl";N;s:14:"salesforceData";N;s:12:"hiddenFields";N;}]]></wp:meta_value>
  </wp:postmeta>
  <wp:postmeta>
    <wp:meta_key>_elasticsearch_data_sharing_indexed_on</wp:meta_key>
    <wp:meta_value><![CDATA[2025-02-10 16:41:20]]></wp:meta_value>
  </wp:postmeta>
</item>
<item>
  <title><![CDATA[ikusi_ikusi_image_617]]></title>
  <link>https://bryancastellano.wordpress.com/contacto/ikusi_ikusi_image_617/</link>
  <pubDate>Mon, 10 Feb 2025 16:17:01 +0000</pubDate>
  <dc:creator>bryancastellano99</dc:creator>
  <guid isPermaLink="false">http://bryancastellano.files.wordpress.com/2025/02/ikusi_ikusi_image_617.jpeg</guid>
  <description/>
  <content:encoded><![CDATA[]]></content:encoded>
  <excerpt:encoded><![CDATA[]]></excerpt:encoded>
  <wp:post_id>32</wp:post_id>
  <wp:post_date>2025-02-10 11:17:01</wp:post_date>
  <wp:post_date_gmt>2025-02-10 16:17:01</wp:post_date_gmt>
  <wp:post_modified>2025-02-10 11:17:01</wp:post_modified>
  <wp:post_modified_gmt>2025-02-10 16:17:01</wp:post_modified_gmt>
  <wp:comment_status>open</wp:comment_status>
  <wp:ping_status>closed</wp:ping_status>
  <wp:post_name>ikusi_ikusi_image_617</wp:post_name>
  <wp:status>inherit</wp:status>
  <wp:post_parent>30</wp:post_parent>
  <wp:menu_order>0</wp:menu_order>
  <wp:post_type>attachment</wp:post_type>
  <wp:post_password/>
  <wp:is_sticky>0</wp:is_sticky>
  <wp:attachment_url>https://bryancastellano.wordpress.com/wp-content/uploads/2025/02/ikusi_ikusi_image_617.jpeg</wp:attachment_url>
  <wp:postmeta>
    <wp:meta_key>_wp_attached_file</wp:meta_key>
    <wp:meta_value><![CDATA[/home/wpcom/public_html/wp-content/blogs.dir/a6d/241125415/files/2025/02/ikusi_ikusi_image_617.jpeg]]></wp:meta_value>
  </wp:postmeta>
  <wp:postmeta>
    <wp:meta_key>_wp_attachment_metadata</wp:meta_key>
    <wp:meta_value><![CDATA[a:6:{s:5:"width";i:1920;s:6:"height";i:1280;s:4:"file";s:99:"/home/wpcom/public_html/wp-content/blogs.dir/a6d/241125415/files/2025/02/ikusi_ikusi_image_617.jpeg";s:8:"filesize";i:360988;s:5:"sizes";a:0:{}s:10:"image_meta";a:12:{s:8:"aperture";s:1:"0";s:6:"credit";s:0:"";s:6:"camera";s:0:"";s:7:"caption";s:0:"";s:17:"created_timestamp";s:1:"0";s:9:"copyright";s:0:"";s:12:"focal_length";s:1:"0";s:3:"iso";s:1:"0";s:13:"shutter_speed";s:1:"0";s:5:"title";s:0:"";s:11:"orientation";s:1:"0";s:8:"keywords";a:0:{}}}]]></wp:meta_value>
  </wp:postmeta>
</item>
<item>
  <title><![CDATA[Young man with a headset making phone gesture]]></title>
  <link>https://bryancastellano.wordpress.com/contacto/young-man-with-a-headset-making-phone-gesture/</link>
  <pubDate>Mon, 10 Feb 2025 16:28:35 +0000</pubDate>
  <dc:creator>bryancastellano99</dc:creator>
  <guid isPermaLink="false">http://bryancastellano.files.wordpress.com/2025/02/young-man-with-headset-making-phone-gesture.jpg</guid>
  <description/>
  <content:encoded><![CDATA[]]></content:encoded>
  <excerpt:encoded><![CDATA[Young man with a headset making phone gesture]]></excerpt:encoded>
  <wp:post_id>36</wp:post_id>
  <wp:post_date>2025-02-10 11:28:35</wp:post_date>
  <wp:post_date_gmt>2025-02-10 16:28:35</wp:post_date_gmt>
  <wp:post_modified>2025-02-10 11:28:35</wp:post_modified>
  <wp:post_modified_gmt>2025-02-10 16:28:35</wp:post_modified_gmt>
  <wp:comment_status>open</wp:comment_status>
  <wp:ping_status>closed</wp:ping_status>
  <wp:post_name>young-man-with-a-headset-making-phone-gesture</wp:post_name>
  <wp:status>inherit</wp:status>
  <wp:post_parent>30</wp:post_parent>
  <wp:menu_order>0</wp:menu_order>
  <wp:post_type>attachment</wp:post_type>
  <wp:post_password/>
  <wp:is_sticky>0</wp:is_sticky>
  <wp:attachment_url>https://bryancastellano.wordpress.com/wp-content/uploads/2025/02/young-man-with-headset-making-phone-gesture.jpg</wp:attachment_url>
  <wp:postmeta>
    <wp:meta_key>_wp_attached_file</wp:meta_key>
    <wp:meta_value><![CDATA[/home/wpcom/public_html/wp-content/blogs.dir/a6d/241125415/files/2025/02/young-man-with-headset-making-phone-gesture.jpg]]></wp:meta_value>
  </wp:postmeta>
  <wp:postmeta>
    <wp:meta_key>_wp_attachment_metadata</wp:meta_key>
    <wp:meta_value><![CDATA[a:6:{s:5:"width";i:4809;s:6:"height";i:6500;s:4:"file";s:120:"/home/wpcom/public_html/wp-content/blogs.dir/a6d/241125415/files/2025/02/young-man-with-headset-making-phone-gesture.jpg";s:8:"filesize";i:2234279;s:5:"sizes";a:0:{}s:10:"image_meta";a:12:{s:8:"aperture";s:1:"8";s:6:"credit";s:0:"";s:6:"camera";s:10:"NIKON D800";s:7:"caption";s:45:"Young man with a headset making phone gesture";s:17:"created_timestamp";s:10:"1464543749";s:9:"copyright";s:0:"";s:12:"focal_length";s:2:"50";s:3:"iso";s:3:"100";s:13:"shutter_speed";s:5:"0.005";s:5:"title";s:45:"Young man with a headset making phone gesture";s:11:"orientation";s:1:"1";s:8:"keywords";a:50:{i:0;s:8:"business";i:1;s:10:"microphone";i:2;s:6:"client";i:3;s:10:"technology";i:4;s:13:"communication";i:5;s:6:"worker";i:6;s:5:"agent";i:7;s:9:"secretary";i:8;s:4:"work";i:9;s:12:"professional";i:10;s:9:"corporate";i:11;s:3:"job";i:12;s:10:"headphones";i:13;s:9:"assistant";i:14;s:8:"isolated";i:15;s:3:"man";i:16;s:6:"person";i:17;s:5:"adult";i:18;s:10:"attractive";i:19;s:8:"handsome";i:20;s:5:"latin";i:21;s:6:"people";i:22;s:5:"beard";i:23;s:5:"white";i:24;s:13:"telemarketing";i:25;s:8:"customer";i:26;s:7:"service";i:27;s:8:"operator";i:28;s:12:"telemarketer";i:29;s:12:"receptionist";i:30;s:4:"call";i:31;s:10:"background";i:32;s:7:"headset";i:33;s:7:"support";i:34;s:5:"phone";i:35;s:5:"phone";i:36;s:5:"speak";i:37;s:9:"telephone";i:38;s:9:"cellphone";i:39;s:8:"cellular";i:40;s:10:"technology";i:41;s:6:"modern";i:42;s:6:"mobile";i:43;s:12:"conversation";i:44;s:4:"call";i:45;s:4:"cell";i:46;s:4:"talk";i:47;s:11:"communicate";i:48;s:13:"communication";i:49;s:7:"gesture";}}}]]></wp:meta_value>
  </wp:postmeta>
</item>
<item>
  <title><![CDATA[WhatsApp Image 2025-02-10 at 10.56.31 AM]]></title>
  <link>https://bryancastellano.wordpress.com/inicio/whatsapp-image-2025-02-10-at-10-56-31-am-3/</link>
  <pubDate>Mon, 10 Feb 2025 16:43:50 +0000</pubDate>
  <dc:creator>bryancastellano99</dc:creator>
  <guid isPermaLink="false">http://bryancastellano.files.wordpress.com/2025/02/whatsapp-image-2025-02-10-at-10.56.31-am-2.jpeg</guid>
  <description/>
  <content:encoded><![CDATA[]]></content:encoded>
  <excerpt:encoded><![CDATA[]]></excerpt:encoded>
  <wp:post_id>40</wp:post_id>
  <wp:post_date>2025-02-10 11:43:50</wp:post_date>
  <wp:post_date_gmt>2025-02-10 16:43:50</wp:post_date_gmt>
  <wp:post_modified>2025-02-10 11:43:50</wp:post_modified>
  <wp:post_modified_gmt>2025-02-10 16:43:50</wp:post_modified_gmt>
  <wp:comment_status>open</wp:comment_status>
  <wp:ping_status>closed</wp:ping_status>
  <wp:post_name>whatsapp-image-2025-02-10-at-10-56-31-am-3</wp:post_name>
  <wp:status>inherit</wp:status>
  <wp:post_parent>7</wp:post_parent>
  <wp:menu_order>0</wp:menu_order>
  <wp:post_type>attachment</wp:post_type>
  <wp:post_password/>
  <wp:is_sticky>0</wp:is_sticky>
  <wp:attachment_url>https://bryancastellano.wordpress.com/wp-content/uploads/2025/02/whatsapp-image-2025-02-10-at-10.56.31-am-2.jpeg</wp:attachment_url>
  <wp:postmeta>
    <wp:meta_key>_wp_attached_file</wp:meta_key>
    <wp:meta_value><![CDATA[/home/wpcom/public_html/wp-content/blogs.dir/a6d/241125415/files/2025/02/whatsapp-image-2025-02-10-at-10.56.31-am-2.jpeg]]></wp:meta_value>
  </wp:postmeta>
  <wp:postmeta>
    <wp:meta_key>_wp_attachment_metadata</wp:meta_key>
    <wp:meta_value><![CDATA[a:6:{s:5:"width";i:1006;s:6:"height";i:1600;s:4:"file";s:120:"/home/wpcom/public_html/wp-content/blogs.dir/a6d/241125415/files/2025/02/whatsapp-image-2025-02-10-at-10.56.31-am-2.jpeg";s:8:"filesize";i:107982;s:5:"sizes";a:0:{}s:10:"image_meta";a:12:{s:8:"aperture";s:1:"0";s:6:"credit";s:0:"";s:6:"camera";s:0:"";s:7:"caption";s:0:"";s:17:"created_timestamp";s:1:"0";s:9:"copyright";s:0:"";s:12:"focal_length";s:1:"0";s:3:"iso";s:1:"0";s:13:"shutter_speed";s:1:"0";s:5:"title";s:0:"";s:11:"orientation";s:1:"0";s:8:"keywords";a:0:{}}}]]></wp:meta_value>
  </wp:postmeta>
</item>
<item>
  <title><![CDATA[pexels-edouard-mihigo-129683048-30219278]]></title>
  <link>https://bryancastellano.wordpress.com/inicio/pexels-edouard-mihigo-129683048-30219278/</link>
  <pubDate>Mon, 10 Feb 2025 16:44:11 +0000</pubDate>
  <dc:creator>bryancastellano99</dc:creator>
  <guid isPermaLink="false">http://bryancastellano.files.wordpress.com/2025/02/pexels-edouard-mihigo-129683048-30219278.jpg</guid>
  <description/>
  <content:encoded><![CDATA[]]></content:encoded>
  <excerpt:encoded><![CDATA[]]></excerpt:encoded>
  <wp:post_id>41</wp:post_id>
  <wp:post_date>2025-02-10 11:44:11</wp:post_date>
  <wp:post_date_gmt>2025-02-10 16:44:11</wp:post_date_gmt>
  <wp:post_modified>2025-02-10 11:44:11</wp:post_modified>
  <wp:post_modified_gmt>2025-02-10 16:44:11</wp:post_modified_gmt>
  <wp:comment_status>open</wp:comment_status>
  <wp:ping_status>closed</wp:ping_status>
  <wp:post_name>pexels-edouard-mihigo-129683048-30219278</wp:post_name>
  <wp:status>inherit</wp:status>
  <wp:post_parent>7</wp:post_parent>
  <wp:menu_order>0</wp:menu_order>
  <wp:post_type>attachment</wp:post_type>
  <wp:post_password/>
  <wp:is_sticky>0</wp:is_sticky>
  <wp:attachment_url>https://bryancastellano.wordpress.com/wp-content/uploads/2025/02/pexels-edouard-mihigo-129683048-30219278.jpg</wp:attachment_url>
  <wp:postmeta>
    <wp:meta_key>_wp_attached_file</wp:meta_key>
    <wp:meta_value><![CDATA[/home/wpcom/public_html/wp-content/blogs.dir/a6d/241125415/files/2025/02/pexels-edouard-mihigo-129683048-30219278.jpg]]></wp:meta_value>
  </wp:postmeta>
  <wp:postmeta>
    <wp:meta_key>_wp_attachment_metadata</wp:meta_key>
    <wp:meta_value><![CDATA[a:6:{s:5:"width";i:3647;s:6:"height";i:5470;s:4:"file";s:117:"/home/wpcom/public_html/wp-content/blogs.dir/a6d/241125415/files/2025/02/pexels-edouard-mihigo-129683048-30219278.jpg";s:8:"filesize";i:2111524;s:5:"sizes";a:0:{}s:10:"image_meta";a:12:{s:8:"aperture";s:1:"0";s:6:"credit";s:0:"";s:6:"camera";s:0:"";s:7:"caption";s:0:"";s:17:"created_timestamp";s:1:"0";s:9:"copyright";s:0:"";s:12:"focal_length";s:1:"0";s:3:"iso";s:1:"0";s:13:"shutter_speed";s:1:"0";s:5:"title";s:0:"";s:11:"orientation";s:1:"0";s:8:"keywords";a:0:{}}}]]></wp:meta_value>
  </wp:postmeta>
</item>
  </channel>
</rss>
